sample	length	trailing	tandem2_start	vaf	ref_coverage	counts	insert
HL60_wUniqueFilter_noTotalFilter	21	False	72	0.011768	169956	20	TGATTTCAGAGAATATGAATA
HL60_wUniqueFilter_noTotalFilter	42	False	68	0.0094142	169956	16	ACGTTGATTTCAGAGAATATGAATATGATCTCAACCTTTTCC
==> MOLM14-1_wUniqueFilter_noTotalFilter_minBQS_30/flt3_itds_collapsed_full_hc.tsv <==
MOLM14-1_wUniqueFilter_noTotalFilter	21	False	70	67.774	2234203	1515839	TTGATTTCAGAGAATATGAAT
MOLM14-1_wUniqueFilter_noTotalFilter	42	False	71	0.0014770	2234203	33	TTGATTTCAGAGAATATGAATTTGATTTCAGAGAATATGAAT
MOLM14-1_wUniqueFilter_noTotalFilter	45	False	40	0.0011190	2234059	25	ACCGGCTCCTCAGATAATGAGTACTTCTACGTTGATTGGGGTGGA
MOLM14-1_wUniqueFilter_noTotalFilter	169	True	72	0.0010294	2234241	23	CCTTCTGATT

==> MOLM14-2_wUniqueFilter_noTotalFilter_minBQS_30/flt3_itds_collapsed_full_hc.tsv <==
MOLM14-2_wUniqueFilter_noTotalFilter	21	False	71	7.1992	1787340	128789	TTGATTTCAGAGAATATGAAT
MOLM14-2_wUniqueFilter_noTotalFilter	54	False	23	0.013149	1787262	235	TACAGATGGTACAGGTGACCGGCTCCTCAGATAATGAGTACTTCTACGTTGATT

==> MOLM14-3_wUniqueFilter_noTotalFilter_minBQS_30/flt3_itds_collapsed_full_hc.tsv <==
MOLM14-3_wUniqueFilter_noTotalFilter	6	False	307	0.0010944	1005121	11	GTTGCC
MOLM14-3_wUniqueFilter_noTotalFilter	21	False	70	0.84481	1123632	9493	TTGATTTCAGAGAATATGAAT

==> MOLM14-4_wUniqueFilter_noTotalFilter_minBQS_30/flt3_itds_collapsed_full_hc.tsv <==
MOLM14-4_wUniqueFilter_noTotalFilter	21	False	71	0.063895	829479	530	TTGATTTCAGAGAATATGAAT
MOLM14-4_wUniqueFilter_noTotalFilter	90	False	43	0.0034964	829421	29	GGCTCCTCAGATAATGAGTACTTCTACGTTGATTTCAGAGAATATGAATATGATCTCAAATGGGAGTTTCCAAGAGAAAATTTAGAGTTT

==> MOLM14-5_wUniqueFilter_noTotalFilter_minBQS_30/flt3_itds_collapsed_full_hc.tsv <==
MOLM14-5_wUniqueFilter_noTotalFilter	21	False	71	0.048596	711413	348	TTGATTTCAGAGAATATGAAT
MOLM14-5_wUniqueFilter_noTotalFilter	45	False	40	0.0018274	711376	13	ACCGGCTCCTCAGATAATGAGTACTTCTACGTTGATTGGGGTGGA
MOLM14-5_wUniqueFilter_noTotalFilter	90	False	43	0.0037955	711376	27	GGCTCCTCAGATAATGAGTACTTCTACGTTGATTTCAGAGAATATGAATATGATCTCAAATGGGAGTTTCCAAGAGAAAATTTAGAGTTT
